{
  "config": {
    "window": 28,
    "hidden_dim": 128,
    "latent_dim": 16,
    "epochs": 40,
    "batch_size": 64,
    "learning_rate": 0.001,
    "weight_decay": 1e-05,
    "noise_std": 0.02,
    "train_fraction": 0.65,
    "calibration_fraction": 0.2,
    "evt_alpha": 0.02,
    "seed": 42
  },
  "device": "cpu",
  "n_products": 30,
  "products": [
    1,
    2,
    3,
    4,
    5,
    6,
    7,
    8,
    9,
    10,
    11,
    12,
    13,
    14,
    15,
    16,
    17,
    18,
    19,
    20,
    21,
    22,
    23,
    24,
    25,
    26,
    27,
    28,
    29,
    30
  ],
  "n_windows": 1810,
  "train_windows": 1176,
  "calibration_windows": 362,
  "holdout_windows": 272,
  "final_train_loss": 0.30005409999897603,
  "evt": {
    "threshold": 1.0796724393082908,
    "method": "evt_pot_gpd",
    "alpha": 0.02,
    "tail_quantile": 0.8,
    "u": 0.7947775959968567,
    "xi": 0.17612554603571054,
    "beta": 0.10033075579897768,
    "n_total": 290,
    "n_exceed": 58,
    "validation_far": 0.3333333333333333,
    "validation_far_error": 0.3133333333333333,
    "ks_stat": 0.12587846470339514
  },
  "n_flagged": 64
}