{
  "config": {
    "window": 28,
    "hidden_dim": 128,
    "latent_dim": 16,
    "epochs": 30,
    "batch_size": 64,
    "learning_rate": 0.001,
    "weight_decay": 1e-05,
    "noise_std": 0.02,
    "train_fraction": 0.8,
    "calibration_fraction": 0.1,
    "evt_alpha": 0.02,
    "seed": 42
  },
  "device": "cpu",
  "n_products": 30,
  "products": [
    1,
    2,
    3,
    4,
    5,
    6,
    7,
    8,
    9,
    10,
    11,
    12,
    13,
    14,
    15,
    16,
    17,
    18,
    19,
    20,
    21,
    22,
    23,
    24,
    25,
    26,
    27,
    28,
    29,
    30
  ],
  "n_windows": 1810,
  "train_windows": 1448,
  "calibration_windows": 181,
  "holdout_windows": 181,
  "final_train_loss": 0.31800021555112756,
  "evt": {
    "threshold": 1.1567253958344772,
    "method": "evt_pot_gpd",
    "alpha": 0.02,
    "tail_quantile": 0.8,
    "u": 0.9236035823822022,
    "xi": -0.7638961259989894,
    "beta": 0.21513274192346427,
    "n_total": 145,
    "n_exceed": 29,
    "validation_far": 0.0,
    "validation_far_error": 0.02,
    "ks_stat": 0.1120138283418983
  },
  "n_flagged": 1
}