batch_size,lr_scaling,effective_learning_rate,training_backend,epochs,seeds,train_rows,eval_rows,elapsed_seconds,examples_per_second,optimizer_steps_per_seed,final_train_loss,estimated_device_tensor_mb,MAE,RMSE,MAPE,WAPE,sMAPE,RMSLE,Bias,BiasRatio,n
512,fixed,0.001,device_resident,10,[42],198951,210,15.46614995796699,151692.5842287603,3890,0.06463372120876815,42.500518798828125,11.053414273720522,18.41791275485332,50.01767844530094,0.316987476759116,0.32052836714380467,0.43924560369607246,0.9083316211517041,0.02604894212044043,208
1024,fixed,0.001,device_resident,10,[42],198951,210,6.371859667007811,312640.93713164364,1950,0.07000245371649315,42.500518798828125,11.322331559199553,17.49811895966851,58.92797295193104,0.32469942979643,0.3279932969060613,0.45989763857289656,1.9877825814944048,0.057005208458684155,208
1024,sqrt,0.0014142135623730952,device_resident,10,[42],198951,210,5.408628917008173,368360.9214315009,1950,0.06530163490130096,42.500518798828125,10.936057505699305,17.315356126700404,56.103912892903395,0.31362194418660627,0.3218607311843901,0.45034225275028006,1.1136486415679638,0.031936980207657034,208
2048,fixed,0.001,device_resident,10,[42],198951,210,3.2153379159863107,620195.6042421318,980,0.07708483830042433,42.500518798828125,10.765616996930195,15.93041080705966,56.212324024203355,0.30873408732407015,0.33016902180878865,0.46209357940005186,-0.05098897906450125,-0.0014622511575094802,208
2048,sqrt,0.002,device_resident,10,[42],198951,210,2.6449800839764066,754295.7819717107,980,0.06768261331015031,42.500518798828125,10.823434316194975,16.539622540604366,55.971723135509066,0.3103921601776582,0.32860895495549197,0.4591791879000259,0.13773658183904794,0.003949980562873566,208
4096,fixed,0.001,device_resident,10,[42],198951,210,2.5203208329621702,791608.8161970613,490,0.08563627988347516,42.500518798828125,11.188824837024395,16.291678082120768,60.183524189162604,0.3208707522543877,0.33970344471851716,0.4714226622870967,2.6856693487900953,0.07701905756905278,208
4096,sqrt,0.0028284271247461905,device_resident,10,[42],198951,210,1.2970025829854421,1542674.6190583855,490,0.07265934767587505,42.500518798828125,10.771204148347561,15.924150764887958,55.64384538439675,0.3088943144707421,0.32839009973658595,0.45647854506167596,0.3577737280955681,0.010260159305649824,208
